Name,Created,Tags
The Edge,"Oct 6, 2020 12:40 PM",
Estuary,"Oct 6, 2020 12:40 PM",
House of the Chain,"Oct 6, 2020 12:40 PM",
Heelies,"Oct 6, 2020 12:44 PM",
Copy of Airship,"Oct 6, 2020 12:45 PM",
Copy of Carthaginian Harbor,"Oct 6, 2020 12:45 PM",
Copy of Sharn Bridges,"Oct 6, 2020 12:45 PM",
Copy of The Grand Study,"Oct 6, 2020 12:45 PM",
Copy of City Gates,"Oct 6, 2020 12:45 PM",
Copy of Boneyard,"Oct 6, 2020 12:46 PM",
Copy of Underground Waterfall,"Oct 6, 2020 1:02 PM",
Copy of Mushroom Cave [25x35],"Oct 6, 2020 1:02 PM",