Name,Tags,Files
Green Dragon Lair [24x54],,https://i.redd.it/o6rvq7ytxee51.jpg
mushroom forest,,
map,,
Sharn Bridges,stones,
Thieves' Guild,stones,
Mont-Saint-Michel,Ocean,
Airship,stones,
Hacienda,,
Dwarven Brazenthrone,Winter,
ZZZ More Maps,,
City Gates,stones,
Windmill,,
The Grand Study,stones,
Lair of the Beholder God,,
Mangrove Swamp,,
Sewer,,
Boneyard,stones,
Mushroom Cave [25x35],stones,
Mineral Pools [30x30],,
Carthaginian Harbor,stones,
Neuschwanstein Castle,,
Temple Ruins,,
Library of Alexandria,,
Palm Beach,Ocean,
Land of Giants,,
Coral Throne,Ocean,
Hidden Valley,,
Inside a Bag of Holding,,
Dock,Ocean,
River Bridge,,
Coastal Ruins,Ocean,
Jungle Beach,Ocean,
Beach Cliffs,Ocean,
Library Interior,,
Applebee's,,
Town of Phandalin,,
Canal Market,Ocean,
Human Body - The Tarrasque,,
Jungle Camp,,
Arena,,
Open Ocean,Ocean,
Dark Docks,Ocean,
Underground Waterfall,stones,
Winter Transition,,
Town Greenery,,
Shipyard,Ocean,
Winter Inn,Winter,
Dwarven Stronghold,Winter,
Tavern,stones,
Coastal Road,Ocean,
Hidden Cove,Ocean,
Ship,Ocean,
jungle,Ocean,
coastal jungle [25x30],Ocean,
,Ocean,